code,system
BBv..00,readv2
B937300,readv2
BBmB.00,readv2
BBmA.00,readv2
B937911,readv2
BBmL.00,readv2
ByuHD00,readv2
7Q09700,readv2
B937W00,readv2
B937W11,readv2
B937.14,readv2
B937800,readv2
45143.0,readv2
56756.0,readv2
45285.0,readv2
14927.0,readv2
104740.0,readv2
16052.0,readv2
105985.0,readv2
19130.0,readv2
105390.0,readv2
60186.0,readv2
44420.0,readv2
106993.0,readv2
7799.0,readv2
105915.0,readv2
22890.0,readv2
102712.0,readv2
94921.0,readv2
4561.0,readv2
23875.0,readv2
10817.0,readv2
D46,readv2
B937900,readv2
B937700,readv2
B937100,readv2
B937600,readv2
B937200,readv2
B937000,readv2
B937X00,readv2
D213.00,readv2